variant,rank,name,count,total_ms,avg_us
bf16,1,"void gemv2T_kernel_val<int, int, __nv_bfloat16, __nv_bfloat16, __nv_bfloat16, float, 128, 16, 4, 4, false, false, cublasGemvParamsEx<int, cublasGemvTensorStridedBatched<__nv_bfloat16 const>, cublasGemvTensorStridedBatched<__nv_bfloat16 const>, cublasGemvTensorStridedBatched<__nv_bfloat16>, float> >(cublasGemvParamsEx<int, cublasGemvTensorStridedBatched<__nv_bfloat16 const>, cublasGemvTensorStridedBatched<__nv_bfloat16 const>, cublasGemvTensorStridedBatched<__nv_bfloat16>, float>, float, float)",1828,786.1782760000009,430.0756433260399
bf16,2,void cutlass::Kernel2<cutlass_80_wmma_tensorop_bf16_s161616gemm_bf16_16x16_128x2_tn_align8>(cutlass_80_wmma_tensorop_bf16_s161616gemm_bf16_16x16_128x2_tn_align8::Params),3528,236.81113600000066,67.12333786848092
bf16,3,"void gemv2T_kernel_val<int, int, __nv_bfloat16, __nv_bfloat16, __nv_bfloat16, float, 128, 16, 2, 4, false, false, cublasGemvParamsEx<int, cublasGemvTensorStridedBatched<__nv_bfloat16 const>, cublasGemvTensorStridedBatched<__nv_bfloat16 const>, cublasGemvTensorStridedBatched<__nv_bfloat16>, float> >(cublasGemvParamsEx<int, cublasGemvTensorStridedBatched<__nv_bfloat16 const>, cublasGemvTensorStridedBatched<__nv_bfloat16 const>, cublasGemvTensorStridedBatched<__nv_bfloat16>, float>, float, float)",1764,61.81220999999998,35.04093537414965
bf16,4,"void flash::flash_fwd_splitkv_kernel<Flash_fwd_kernel_traits<128, 64, 128, 4, false, false, cutlass::bfloat16_t, Flash_kernel_traits<128, 64, 128, 4, cutlass::bfloat16_t> >, false, false, false, false, true, false, true, false>(flash::Flash_fwd_params)",1764,18.689744000000005,10.595092970521545
bf16,5,"void flash::flash_fwd_splitkv_combine_kernel<Flash_fwd_kernel_traits<128, 64, 128, 4, false, false, cutlass::bfloat16_t, Flash_kernel_traits<128, 64, 128, 4, cutlass::bfloat16_t> >, 4, 4, true>(flash::Flash_fwd_params)",1764,12.195901999999963,6.913776643990909
bf16,6,"void cublasLt::splitKreduce_kernel<32, 16, int, __nv_bfloat16, __nv_bfloat16, float, __nv_bfloat16, false, __nv_bfloat16, __nv_bfloat16, __nv_bfloat16, true, false, false>(cublasLt::cublasSplitKParams<float>, __nv_bfloat16 const*, __nv_bfloat16 const*, __nv_bfloat16*, __nv_bfloat16*, float const*, float const*, __nv_bfloat16 const*, __nv_bfloat16 const*, __nv_bfloat16*, void*, long, float*, int*, float*, float*, float const*, float const*, float const*, float const*, float const*)",3556,9.106954000000048,2.561010686164243
bf16,7,memcpy32_post,3528,5.523122999999952,1.5655110544217552
bf16,8,void cutlass::Kernel2<cutlass_80_tensorop_bf16_s16816gemm_relu_bf16_64x64_32x10_tn_align8>(cutlass_80_tensorop_bf16_s16816gemm_relu_bf16_64x64_32x10_tn_align8::Params),28,5.498233999999999,196.36549999999997
bf16,9,triton_red_fused__to_copy_add_mean_mul_pow_rsqrt_2,1792,5.278935999999986,2.9458348214285635
bf16,10,triton_red_fused__to_copy_add_mean_mul_pow_rsqrt_0,1792,5.271270999999982,2.941557477678561
bf16,11,"void vllm::reshape_and_cache_flash_kernel<__nv_bfloat16, __nv_bfloat16, (vllm::Fp8KVCacheDataType)0>(__nv_bfloat16 const*, __nv_bfloat16 const*, __nv_bfloat16*, __nv_bfloat16*, long const*, long, long, long, long, long, int, int, int, float const*, float const*, int)",1792,4.148437999999963,2.314976562499979
bf16,12,triton_poi_fused_3,1728,3.882866999999951,2.2470295138888607
bf16,13,triton_poi_fused_mul_silu_slice_1,1792,3.130943000000019,1.7471780133928676
bf16,14,ampere_bf16_s16816gemm_bf16_64x64_ldg8_f2f_stages_64x5_tn,28,2.863775999999999,102.27771428571427
bf16,15,ampere_bf16_s16816gemm_bf16_64x64_sliced1x2_ldg8_relu_f2f_stages_64x6_tn,28,1.0992650000000002,39.25946428571429
bf16,16,"void at::native::elementwise_kernel<128, 4, at::native::gpu_kernel_impl<at::native::BinaryFunctor<float, float, float, at::native::binary_internal::MulFunctor<float> > >(at::TensorIteratorBase&, at::native::BinaryFunctor<float, float, float, at::native::binary_internal::MulFunctor<float> > const&)::{lambda(int)#1}>(int, at::native::gpu_kernel_impl<at::native::BinaryFunctor<float, float, float, at::native::binary_internal::MulFunctor<float> > >(at::TensorIteratorBase&, at::native::BinaryFunctor<float, float, float, at::native::binary_internal::MulFunctor<float> > const&)::{lambda(int)#1})",128,0.5858839999999997,4.577218749999998
bf16,17,void cutlass::Kernel2<cutlass_80_wmma_tensorop_bf16_s161616gemm_bf16_32x32_128x2_tn_align8>(cutlass_80_wmma_tensorop_bf16_s161616gemm_bf16_32x32_128x2_tn_align8::Params),28,0.5565749999999999,19.877678571428568
bf16,18,"void at::native::reduce_kernel<512, 1, at::native::ReduceOp<float, at::native::ArgMaxOps<float>, unsigned int, long, 4, 4> >(at::native::ReduceOp<float, at::native::ArgMaxOps<float>, unsigned int, long, 4, 4>)",64,0.5385270000000001,8.414484375
bf16,19,"void at::native::unrolled_elementwise_kernel<at::native::direct_copy_kernel_cuda(at::TensorIteratorBase&)::{lambda()#3}::operator()() const::{lambda()#4}::operator()() const::{lambda(long)#1}, std::array<char*, 2ul>, 4, TrivialOffsetCalculator<1, unsigned int>, TrivialOffsetCalculator<1, unsigned int>, at::native::memory::LoadWithCast<1>, at::native::memory::StoreWithCast<1> >(int, at::native::direct_copy_kernel_cuda(at::TensorIteratorBase&)::{lambda()#3}::operator()() const::{lambda()#4}::operator()() const::{lambda(long)#1}, std::array<char*, 2ul>, TrivialOffsetCalculator<1, unsigned int>, TrivialOffsetCalculator<1, unsigned int>, at::native::memory::LoadWithCast<1>, at::native::memory::StoreWithCast<1>)",256,0.4964420000000002,1.939226562500001
bf16,20,"void at::native::vectorized_elementwise_kernel<2, at::native::FillFunctor<long>, std::array<char*, 1ul> >(int, at::native::FillFunctor<long>, std::array<char*, 1ul>)",255,0.48493200000000025,1.9016941176470599
bf16,21,"void at::native::vectorized_elementwise_kernel<4, at::native::CUDAFunctor_add<float>, std::array<char*, 3ul> >(int, at::native::CUDAFunctor_add<float>, std::array<char*, 3ul>)",128,0.4695580000000002,3.6684218750000017
bf16,22,"void at::native::vectorized_elementwise_kernel<4, at::native::compare_scalar_kernel<long>(at::TensorIteratorBase&, at::native::(anonymous namespace)::OpType, long)::{lambda(long)#1}, std::array<char*, 2ul> >(int, at::native::compare_scalar_kernel<long>(at::TensorIteratorBase&, at::native::(anonymous namespace)::OpType, long)::{lambda(long)#1}, std::array<char*, 2ul>)",128,0.33535900000000013,2.619992187500001
bf16,23,"void flash::flash_fwd_splitkv_kernel<Flash_fwd_kernel_traits<128, 64, 128, 4, false, false, cutlass::bfloat16_t, Flash_kernel_traits<128, 64, 128, 4, cutlass::bfloat16_t> >, true, false, false, false, true, false, false, false>(flash::Flash_fwd_params)",28,0.30857399999999996,11.020499999999998
bf16,24,"void at::native::unrolled_elementwise_kernel<at::native::direct_copy_kernel_cuda(at::TensorIteratorBase&)::{lambda()#3}::operator()() const::{lambda()#7}::operator()() const::{lambda(float)#1}, std::array<char*, 2ul>, 4, TrivialOffsetCalculator<1, unsigned int>, TrivialOffsetCalculator<1, unsigned int>, at::native::memory::LoadWithCast<1>, at::native::memory::StoreWithCast<1> >(int, at::native::direct_copy_kernel_cuda(at::TensorIteratorBase&)::{lambda()#3}::operator()() const::{lambda()#7}::operator()() const::{lambda(float)#1}, std::array<char*, 2ul>, TrivialOffsetCalculator<1, unsigned int>, TrivialOffsetCalculator<1, unsigned int>, at::native::memory::LoadWithCast<1>, at::native::memory::StoreWithCast<1>)",64,0.28396299999999997,4.4369218749999995
bf16,25,"void at::native::index_elementwise_kernel<128, 4, at::native::gpu_index_kernel<at::native::index_kernel_impl<at::native::OpaqueType<2> >(at::TensorIteratorBase&, c10::ArrayRef<long>, c10::ArrayRef<long>)::{lambda(char*, char const*, long)#1}>(at::TensorIteratorBase&, c10::ArrayRef<long>, c10::ArrayRef<long>, at::native::index_kernel_impl<at::native::OpaqueType<2> >(at::TensorIteratorBase&, c10::ArrayRef<long>, c10::ArrayRef<long>)::{lambda(char*, char const*, long)#1} const&, bool)::{lambda(int)#1}>(long, at::native::gpu_index_kernel<at::native::index_kernel_impl<at::native::OpaqueType<2> >(at::TensorIteratorBase&, c10::ArrayRef<long>, c10::ArrayRef<long>)::{lambda(char*, char const*, long)#1}>(at::TensorIteratorBase&, c10::ArrayRef<long>, c10::ArrayRef<long>, at::native::index_kernel_impl<at::native::OpaqueType<2> >(at::TensorIteratorBase&, c10::ArrayRef<long>, c10::ArrayRef<long>)::{lambda(char*, char const*, long)#1} const&, bool)::{lambda(int)#1})",64,0.28153,4.3989062500000005
bf16,26,"void at::native::_scatter_gather_elementwise_kernel<128, 8, at::native::_cuda_scatter_gather_internal_kernel<true, long, long>::operator()<at::native::ReduceAdd>(at::TensorIterator&, long, long, long, at::native::ReduceAdd const&)::{lambda(int)#1}>(int, at::native::_cuda_scatter_gather_internal_kernel<true, long, long>::operator()<at::native::ReduceAdd>(at::TensorIterator&, long, long, long, at::native::ReduceAdd const&)::{lambda(int)#1})",127,0.2809179999999999,2.2119527559055108
bf16,27,"void vllm::apply_repetition_penalties_kernel<float>(float*, bool const*, bool const*, float const*, int, int, int)",64,0.26604799999999995,4.156999999999999
bf16,28,"void at::native::index_elementwise_kernel<128, 4, at::native::gpu_index_kernel<at::native::index_put_kernel_impl<at::native::OpaqueType<4> >(at::TensorIterator&, c10::ArrayRef<long>, c10::ArrayRef<long>)::{lambda(char*, char const*, long)#1}>(at::TensorIteratorBase&, c10::ArrayRef<long>, c10::ArrayRef<long>, at::native::index_put_kernel_impl<at::native::OpaqueType<4> >(at::TensorIterator&, c10::ArrayRef<long>, c10::ArrayRef<long>)::{lambda(char*, char const*, long)#1} const&, bool)::{lambda(int)#1}>(long, at::native::gpu_index_kernel<at::native::index_put_kernel_impl<at::native::OpaqueType<4> >(at::TensorIterator&, c10::ArrayRef<long>, c10::ArrayRef<long>)::{lambda(char*, char const*, long)#1}>(at::TensorIteratorBase&, c10::ArrayRef<long>, c10::ArrayRef<long>, at::native::index_put_kernel_impl<at::native::OpaqueType<4> >(at::TensorIterator&, c10::ArrayRef<long>, c10::ArrayRef<long>)::{lambda(char*, char const*, long)#1} const&, bool)::{lambda(int)#1})",64,0.23264400000000007,3.635062500000001
bf16,29,"void at::native::index_elementwise_kernel<128, 4, at::native::gpu_index_kernel<at::native::index_kernel_impl<at::native::OpaqueType<4> >(at::TensorIteratorBase&, c10::ArrayRef<long>, c10::ArrayRef<long>)::{lambda(char*, char const*, long)#1}>(at::TensorIteratorBase&, c10::ArrayRef<long>, c10::ArrayRef<long>, at::native::index_kernel_impl<at::native::OpaqueType<4> >(at::TensorIteratorBase&, c10::ArrayRef<long>, c10::ArrayRef<long>)::{lambda(char*, char const*, long)#1} const&, bool)::{lambda(int)#1}>(long, at::native::gpu_index_kernel<at::native::index_kernel_impl<at::native::OpaqueType<4> >(at::TensorIteratorBase&, c10::ArrayRef<long>, c10::ArrayRef<long>)::{lambda(char*, char const*, long)#1}>(at::TensorIteratorBase&, c10::ArrayRef<long>, c10::ArrayRef<long>, at::native::index_kernel_impl<at::native::OpaqueType<4> >(at::TensorIteratorBase&, c10::ArrayRef<long>, c10::ArrayRef<long>)::{lambda(char*, char const*, long)#1} const&, bool)::{lambda(int)#1})",64,0.206723,3.2300468749999998
bf16,30,_compute_slot_mapping_kernel,64,0.17536100000000002,2.7400156250000003
awq_int4,1,"vllm::awq::dequantize_weights(int*, __half*, int*, __half*, int)",7168,2310.088057999999,322.277909877232
awq_int4,2,void cutlass::Kernel2<cutlass_80_tensorop_f16_s16816gemm_relu_f16_256x64_32x4_nn_align8>(cutlass_80_tensorop_f16_s16816gemm_relu_f16_256x64_32x4_nn_align8::Params),1792,447.7597169999998,249.86591350446415
awq_int4,3,void cutlass::Kernel2<cutlass_80_wmma_tensorop_f16_s161616gemm_f16_16x16_128x2_nn_align8>(cutlass_80_wmma_tensorop_f16_s161616gemm_f16_16x16_128x2_nn_align8::Params),1764,213.69917900000013,121.14465929705223
awq_int4,4,"void gemv2T_kernel_val<int, int, __half, __half, __half, float, 128, 16, 4, 4, false, false, cublasGemvParamsEx<int, cublasGemvTensorStridedBatched<__half const>, cublasGemvTensorStridedBatched<__half const>, cublasGemvTensorStridedBatched<__half>, float> >(cublasGemvParamsEx<int, cublasGemvTensorStridedBatched<__half const>, cublasGemvTensorStridedBatched<__half const>, cublasGemvTensorStridedBatched<__half>, float>, float, float)",64,157.34786600000007,2458.560406250001
awq_int4,5,ampere_fp16_s16816gemm_fp16_64x64_ldg8_f2f_stages_64x5_nn,1792,81.87046599999995,45.68664397321426
awq_int4,6,ampere_fp16_s16816gemm_fp16_64x64_sliced1x2_ldg8_f2f_stages_64x5_nn,1764,46.289345000000104,26.24112528344677
awq_int4,7,"void flash::flash_fwd_splitkv_kernel<Flash_fwd_kernel_traits<128, 64, 128, 4, false, false, cutlass::half_t, Flash_kernel_traits<128, 64, 128, 4, cutlass::half_t> >, false, false, false, false, true, false, true, false>(flash::Flash_fwd_params)",1764,19.733093999999994,11.186561224489793
awq_int4,8,"void flash::flash_fwd_splitkv_combine_kernel<Flash_fwd_kernel_traits<128, 64, 128, 4, false, false, cutlass::half_t, Flash_kernel_traits<128, 64, 128, 4, cutlass::half_t> >, 4, 4, true>(flash::Flash_fwd_params)",1764,12.143284999999995,6.88394841269841
awq_int4,9,triton_red_fused__to_copy_add_mean_mul_pow_rsqrt_0,1792,7.226774999999995,4.03279854910714
awq_int4,10,memcpy32_post,3528,4.752537000000093,1.3470909863945841
awq_int4,11,triton_red_fused__to_copy_add_mean_mul_pow_rsqrt_2,1792,4.17251099999995,2.3284101562499724
awq_int4,12,triton_poi_fused_mul_silu_slice_1,1792,4.081833000000056,2.2778085937500316
awq_int4,13,"void vllm::reshape_and_cache_flash_kernel<unsigned short, unsigned short, (vllm::Fp8KVCacheDataType)0>(unsigned short const*, unsigned short const*, unsigned short*, unsigned short*, long const*, long, long, long, long, long, int, int, int, float const*, float const*, int)",1792,4.047706999999942,2.2587650669642536
awq_int4,14,"void cublasLt::splitKreduce_kernel<32, 16, int, __half, __half, float, __half, false, __half, __half, __half, true, false, false>(cublasLt::cublasSplitKParams<float>, __half const*, __half const*, __half*, __half*, float const*, float const*, __half const*, __half const*, __half*, void*, long, float*, int*, float*, float*, float const*, float const*, float const*, float const*, float const*)",1820,4.02940099999994,2.2139565934065604
awq_int4,15,triton_poi_fused_3,1728,3.5360700000000014,2.0463368055555566
awq_int4,16,ampere_fp16_s16816gemm_fp16_64x64_sliced1x2_ldg8_relu_f2f_stages_64x6_nn,28,1.1741429999999997,41.933678571428565
awq_int4,17,ampere_fp16_s16816gemm_fp16_64x64_ldg8_f2f_stages_64x6_nn,28,0.592237,21.15132142857143
awq_int4,18,"void at::native::elementwise_kernel<128, 4, at::native::gpu_kernel_impl<at::native::BinaryFunctor<float, float, float, at::native::binary_internal::MulFunctor<float> > >(at::TensorIteratorBase&, at::native::BinaryFunctor<float, float, float, at::native::binary_internal::MulFunctor<float> > const&)::{lambda(int)#1}>(int, at::native::gpu_kernel_impl<at::native::BinaryFunctor<float, float, float, at::native::binary_internal::MulFunctor<float> > >(at::TensorIteratorBase&, at::native::BinaryFunctor<float, float, float, at::native::binary_internal::MulFunctor<float> > const&)::{lambda(int)#1})",128,0.5600449999999996,4.375351562499997
awq_int4,19,"void at::native::reduce_kernel<512, 1, at::native::ReduceOp<float, at::native::ArgMaxOps<float>, unsigned int, long, 4, 4> >(at::native::ReduceOp<float, at::native::ArgMaxOps<float>, unsigned int, long, 4, 4>)",64,0.5043929999999998,7.881140624999997
awq_int4,20,"void at::native::unrolled_elementwise_kernel<at::native::direct_copy_kernel_cuda(at::TensorIteratorBase&)::{lambda()#3}::operator()() const::{lambda()#4}::operator()() const::{lambda(long)#1}, std::array<char*, 2ul>, 4, TrivialOffsetCalculator<1, unsigned int>, TrivialOffsetCalculator<1, unsigned int>, at::native::memory::LoadWithCast<1>, at::native::memory::StoreWithCast<1> >(int, at::native::direct_copy_kernel_cuda(at::TensorIteratorBase&)::{lambda()#3}::operator()() const::{lambda()#4}::operator()() const::{lambda(long)#1}, std::array<char*, 2ul>, TrivialOffsetCalculator<1, unsigned int>, TrivialOffsetCalculator<1, unsigned int>, at::native::memory::LoadWithCast<1>, at::native::memory::StoreWithCast<1>)",256,0.4878229999999999,1.9055585937499997
awq_int4,21,"void at::native::vectorized_elementwise_kernel<2, at::native::FillFunctor<long>, std::array<char*, 1ul> >(int, at::native::FillFunctor<long>, std::array<char*, 1ul>)",255,0.4794309999999999,1.8801215686274504
awq_int4,22,"void at::native::vectorized_elementwise_kernel<4, at::native::CUDAFunctor_add<float>, std::array<char*, 3ul> >(int, at::native::CUDAFunctor_add<float>, std::array<char*, 3ul>)",128,0.46230999999999994,3.6117968749999996
awq_int4,23,"void at::native::vectorized_elementwise_kernel<4, at::native::compare_scalar_kernel<long>(at::TensorIteratorBase&, at::native::(anonymous namespace)::OpType, long)::{lambda(long)#1}, std::array<char*, 2ul> >(int, at::native::compare_scalar_kernel<long>(at::TensorIteratorBase&, at::native::(anonymous namespace)::OpType, long)::{lambda(long)#1}, std::array<char*, 2ul>)",128,0.320489,2.5038203125000003
awq_int4,24,"void flash::flash_fwd_splitkv_kernel<Flash_fwd_kernel_traits<128, 64, 128, 4, false, false, cutlass::half_t, Flash_kernel_traits<128, 64, 128, 4, cutlass::half_t> >, true, false, false, false, true, false, false, false>(flash::Flash_fwd_params)",28,0.316262,11.295071428571429
awq_int4,25,"void at::native::_scatter_gather_elementwise_kernel<128, 8, at::native::_cuda_scatter_gather_internal_kernel<true, long, long>::operator()<at::native::ReduceAdd>(at::TensorIterator&, long, long, long, at::native::ReduceAdd const&)::{lambda(int)#1}>(int, at::native::_cuda_scatter_gather_internal_kernel<true, long, long>::operator()<at::native::ReduceAdd>(at::TensorIterator&, long, long, long, at::native::ReduceAdd const&)::{lambda(int)#1})",127,0.2733810000000001,2.152606299212599
awq_int4,26,"void at::native::index_elementwise_kernel<128, 4, at::native::gpu_index_kernel<at::native::index_kernel_impl<at::native::OpaqueType<2> >(at::TensorIteratorBase&, c10::ArrayRef<long>, c10::ArrayRef<long>)::{lambda(char*, char const*, long)#1}>(at::TensorIteratorBase&, c10::ArrayRef<long>, c10::ArrayRef<long>, at::native::index_kernel_impl<at::native::OpaqueType<2> >(at::TensorIteratorBase&, c10::ArrayRef<long>, c10::ArrayRef<long>)::{lambda(char*, char const*, long)#1} const&, bool)::{lambda(int)#1}>(long, at::native::gpu_index_kernel<at::native::index_kernel_impl<at::native::OpaqueType<2> >(at::TensorIteratorBase&, c10::ArrayRef<long>, c10::ArrayRef<long>)::{lambda(char*, char const*, long)#1}>(at::TensorIteratorBase&, c10::ArrayRef<long>, c10::ArrayRef<long>, at::native::index_kernel_impl<at::native::OpaqueType<2> >(at::TensorIteratorBase&, c10::ArrayRef<long>, c10::ArrayRef<long>)::{lambda(char*, char const*, long)#1} const&, bool)::{lambda(int)#1})",64,0.26832300000000003,4.192546875000001
awq_int4,27,"void at::native::unrolled_elementwise_kernel<at::native::direct_copy_kernel_cuda(at::TensorIteratorBase&)::{lambda()#3}::operator()() const::{lambda()#7}::operator()() const::{lambda(float)#1}, std::array<char*, 2ul>, 4, TrivialOffsetCalculator<1, unsigned int>, TrivialOffsetCalculator<1, unsigned int>, at::native::memory::LoadWithCast<1>, at::native::memory::StoreWithCast<1> >(int, at::native::direct_copy_kernel_cuda(at::TensorIteratorBase&)::{lambda()#3}::operator()() const::{lambda()#7}::operator()() const::{lambda(float)#1}, std::array<char*, 2ul>, TrivialOffsetCalculator<1, unsigned int>, TrivialOffsetCalculator<1, unsigned int>, at::native::memory::LoadWithCast<1>, at::native::memory::StoreWithCast<1>)",64,0.2681369999999999,4.189640624999998
awq_int4,28,"void vllm::apply_repetition_penalties_kernel<float>(float*, bool const*, bool const*, float const*, int, int, int)",64,0.255434,3.99115625
awq_int4,29,"void at::native::index_elementwise_kernel<128, 4, at::native::gpu_index_kernel<at::native::index_put_kernel_impl<at::native::OpaqueType<4> >(at::TensorIterator&, c10::ArrayRef<long>, c10::ArrayRef<long>)::{lambda(char*, char const*, long)#1}>(at::TensorIteratorBase&, c10::ArrayRef<long>, c10::ArrayRef<long>, at::native::index_put_kernel_impl<at::native::OpaqueType<4> >(at::TensorIterator&, c10::ArrayRef<long>, c10::ArrayRef<long>)::{lambda(char*, char const*, long)#1} const&, bool)::{lambda(int)#1}>(long, at::native::gpu_index_kernel<at::native::index_put_kernel_impl<at::native::OpaqueType<4> >(at::TensorIterator&, c10::ArrayRef<long>, c10::ArrayRef<long>)::{lambda(char*, char const*, long)#1}>(at::TensorIteratorBase&, c10::ArrayRef<long>, c10::ArrayRef<long>, at::native::index_put_kernel_impl<at::native::OpaqueType<4> >(at::TensorIterator&, c10::ArrayRef<long>, c10::ArrayRef<long>)::{lambda(char*, char const*, long)#1} const&, bool)::{lambda(int)#1})",64,0.22397200000000003,3.4995625000000006
awq_int4,30,"void at::native::index_elementwise_kernel<128, 4, at::native::gpu_index_kernel<at::native::index_kernel_impl<at::native::OpaqueType<4> >(at::TensorIteratorBase&, c10::ArrayRef<long>, c10::ArrayRef<long>)::{lambda(char*, char const*, long)#1}>(at::TensorIteratorBase&, c10::ArrayRef<long>, c10::ArrayRef<long>, at::native::index_kernel_impl<at::native::OpaqueType<4> >(at::TensorIteratorBase&, c10::ArrayRef<long>, c10::ArrayRef<long>)::{lambda(char*, char const*, long)#1} const&, bool)::{lambda(int)#1}>(long, at::native::gpu_index_kernel<at::native::index_kernel_impl<at::native::OpaqueType<4> >(at::TensorIteratorBase&, c10::ArrayRef<long>, c10::ArrayRef<long>)::{lambda(char*, char const*, long)#1}>(at::TensorIteratorBase&, c10::ArrayRef<long>, c10::ArrayRef<long>, at::native::index_kernel_impl<at::native::OpaqueType<4> >(at::TensorIteratorBase&, c10::ArrayRef<long>, c10::ArrayRef<long>)::{lambda(char*, char const*, long)#1} const&, bool)::{lambda(int)#1})",64,0.1997800000000001,3.1215625000000014
awq_marlin,1,"void marlin::Marlin<1125899906910725l, 1125899906843648l, 1125899906910725l, 1125899906910725l, 256, 1, 8, 8, true, 4, 8, false>(int4 const*, int4 const*, int4*, int4*, int4 const*, float const*, int4 const*, float const*, int4 const*, int const*, int, int, int, int, int, int*, bool, bool, bool, int)",7168,207.63992500000023,28.967623465401818
awq_marlin,2,"void gemv2T_kernel_val<int, int, __half, __half, __half, float, 128, 16, 4, 4, false, false, cublasGemvParamsEx<int, cublasGemvTensorStridedBatched<__half const>, cublasGemvTensorStridedBatched<__half const>, cublasGemvTensorStridedBatched<__half>, float> >(cublasGemvParamsEx<int, cublasGemvTensorStridedBatched<__half const>, cublasGemvTensorStridedBatched<__half const>, cublasGemvTensorStridedBatched<__half>, float>, float, float)",64,114.33495499999998,1786.4836718749996
awq_marlin,3,"void flash::flash_fwd_splitkv_kernel<Flash_fwd_kernel_traits<128, 64, 128, 4, false, false, cutlass::half_t, Flash_kernel_traits<128, 64, 128, 4, cutlass::half_t> >, false, false, false, false, true, false, true, false>(flash::Flash_fwd_params)",1764,19.974142000000047,11.323209750566921
awq_marlin,4,"void flash::flash_fwd_splitkv_combine_kernel<Flash_fwd_kernel_traits<128, 64, 128, 4, false, false, cutlass::half_t, Flash_kernel_traits<128, 64, 128, 4, cutlass::half_t> >, 4, 4, true>(flash::Flash_fwd_params)",1764,11.277673000000105,6.393238662131578
awq_marlin,5,"void vllm::reshape_and_cache_flash_kernel<unsigned short, unsigned short, (vllm::Fp8KVCacheDataType)0>(unsigned short const*, unsigned short const*, unsigned short*, unsigned short*, long const*, long, long, long, long, long, int, int, int, float const*, float const*, int)",1792,4.789751999999968,2.6728526785714104
awq_marlin,6,triton_red_fused__to_copy_add_marlin_gemm_mean_mul_pow_rsqrt_0,1792,3.9831030000000025,2.2227137276785727
awq_marlin,7,triton_red_fused__to_copy_add_marlin_gemm_mean_mul_pow_rsqrt_2,1728,3.9322489999999664,2.2756070601851657
awq_marlin,8,triton_poi_fused_marlin_gemm_mul_silu_slice_1,1792,3.4828200000000353,1.9435379464285911
awq_marlin,9,triton_poi_fused_3,1728,2.592552,1.5003194444444445
awq_marlin,10,memcpy32_post,1764,1.7560229999999828,0.9954778911564529
awq_marlin,11,"void at::native::elementwise_kernel<128, 4, at::native::gpu_kernel_impl<at::native::BinaryFunctor<float, float, float, at::native::binary_internal::MulFunctor<float> > >(at::TensorIteratorBase&, at::native::BinaryFunctor<float, float, float, at::native::binary_internal::MulFunctor<float> > const&)::{lambda(int)#1}>(int, at::native::gpu_kernel_impl<at::native::BinaryFunctor<float, float, float, at::native::binary_internal::MulFunctor<float> > >(at::TensorIteratorBase&, at::native::BinaryFunctor<float, float, float, at::native::binary_internal::MulFunctor<float> > const&)::{lambda(int)#1})",128,0.5579019999999999,4.3586093749999995
awq_marlin,12,"void at::native::reduce_kernel<512, 1, at::native::ReduceOp<float, at::native::ArgMaxOps<float>, unsigned int, long, 4, 4> >(at::native::ReduceOp<float, at::native::ArgMaxOps<float>, unsigned int, long, 4, 4>)",64,0.4949870000000002,7.734171875000003
awq_marlin,13,"void at::native::unrolled_elementwise_kernel<at::native::direct_copy_kernel_cuda(at::TensorIteratorBase&)::{lambda()#3}::operator()() const::{lambda()#4}::operator()() const::{lambda(long)#1}, std::array<char*, 2ul>, 4, TrivialOffsetCalculator<1, unsigned int>, TrivialOffsetCalculator<1, unsigned int>, at::native::memory::LoadWithCast<1>, at::native::memory::StoreWithCast<1> >(int, at::native::direct_copy_kernel_cuda(at::TensorIteratorBase&)::{lambda()#3}::operator()() const::{lambda()#4}::operator()() const::{lambda(long)#1}, std::array<char*, 2ul>, TrivialOffsetCalculator<1, unsigned int>, TrivialOffsetCalculator<1, unsigned int>, at::native::memory::LoadWithCast<1>, at::native::memory::StoreWithCast<1>)",256,0.46074900000000024,1.799800781250001
awq_marlin,14,"void at::native::vectorized_elementwise_kernel<4, at::native::CUDAFunctor_add<float>, std::array<char*, 3ul> >(int, at::native::CUDAFunctor_add<float>, std::array<char*, 3ul>)",128,0.457783,3.5764296875
awq_marlin,15,"void at::native::vectorized_elementwise_kernel<2, at::native::FillFunctor<long>, std::array<char*, 1ul> >(int, at::native::FillFunctor<long>, std::array<char*, 1ul>)",255,0.45215299999999986,1.7731490196078425
awq_marlin,16,"void at::native::vectorized_elementwise_kernel<4, at::native::compare_scalar_kernel<long>(at::TensorIteratorBase&, at::native::(anonymous namespace)::OpType, long)::{lambda(long)#1}, std::array<char*, 2ul> >(int, at::native::compare_scalar_kernel<long>(at::TensorIteratorBase&, at::native::(anonymous namespace)::OpType, long)::{lambda(long)#1}, std::array<char*, 2ul>)",128,0.319138,2.493265625
awq_marlin,17,"void flash::flash_fwd_splitkv_kernel<Flash_fwd_kernel_traits<128, 64, 128, 4, false, false, cutlass::half_t, Flash_kernel_traits<128, 64, 128, 4, cutlass::half_t> >, true, false, false, false, true, false, false, false>(flash::Flash_fwd_params)",28,0.295557,10.555607142857143
awq_marlin,18,"void at::native::_scatter_gather_elementwise_kernel<128, 8, at::native::_cuda_scatter_gather_internal_kernel<true, long, long>::operator()<at::native::ReduceAdd>(at::TensorIterator&, long, long, long, at::native::ReduceAdd const&)::{lambda(int)#1}>(int, at::native::_cuda_scatter_gather_internal_kernel<true, long, long>::operator()<at::native::ReduceAdd>(at::TensorIterator&, long, long, long, at::native::ReduceAdd const&)::{lambda(int)#1})",127,0.272648,2.1468346456692915
awq_marlin,19,"void at::native::unrolled_elementwise_kernel<at::native::direct_copy_kernel_cuda(at::TensorIteratorBase&)::{lambda()#3}::operator()() const::{lambda()#7}::operator()() const::{lambda(float)#1}, std::array<char*, 2ul>, 4, TrivialOffsetCalculator<1, unsigned int>, TrivialOffsetCalculator<1, unsigned int>, at::native::memory::LoadWithCast<1>, at::native::memory::StoreWithCast<1> >(int, at::native::direct_copy_kernel_cuda(at::TensorIteratorBase&)::{lambda()#3}::operator()() const::{lambda()#7}::operator()() const::{lambda(float)#1}, std::array<char*, 2ul>, TrivialOffsetCalculator<1, unsigned int>, TrivialOffsetCalculator<1, unsigned int>, at::native::memory::LoadWithCast<1>, at::native::memory::StoreWithCast<1>)",64,0.2643269999999999,4.130109374999999
awq_marlin,20,"void at::native::index_elementwise_kernel<128, 4, at::native::gpu_index_kernel<at::native::index_kernel_impl<at::native::OpaqueType<2> >(at::TensorIteratorBase&, c10::ArrayRef<long>, c10::ArrayRef<long>)::{lambda(char*, char const*, long)#1}>(at::TensorIteratorBase&, c10::ArrayRef<long>, c10::ArrayRef<long>, at::native::index_kernel_impl<at::native::OpaqueType<2> >(at::TensorIteratorBase&, c10::ArrayRef<long>, c10::ArrayRef<long>)::{lambda(char*, char const*, long)#1} const&, bool)::{lambda(int)#1}>(long, at::native::gpu_index_kernel<at::native::index_kernel_impl<at::native::OpaqueType<2> >(at::TensorIteratorBase&, c10::ArrayRef<long>, c10::ArrayRef<long>)::{lambda(char*, char const*, long)#1}>(at::TensorIteratorBase&, c10::ArrayRef<long>, c10::ArrayRef<long>, at::native::index_kernel_impl<at::native::OpaqueType<2> >(at::TensorIteratorBase&, c10::ArrayRef<long>, c10::ArrayRef<long>)::{lambda(char*, char const*, long)#1} const&, bool)::{lambda(int)#1})",64,0.263148,4.1116874999999995
awq_marlin,21,"void vllm::apply_repetition_penalties_kernel<float>(float*, bool const*, bool const*, float const*, int, int, int)",64,0.25158500000000006,3.931015625000001
awq_marlin,22,"void at::native::index_elementwise_kernel<128, 4, at::native::gpu_index_kernel<at::native::index_put_kernel_impl<at::native::OpaqueType<4> >(at::TensorIterator&, c10::ArrayRef<long>, c10::ArrayRef<long>)::{lambda(char*, char const*, long)#1}>(at::TensorIteratorBase&, c10::ArrayRef<long>, c10::ArrayRef<long>, at::native::index_put_kernel_impl<at::native::OpaqueType<4> >(at::TensorIterator&, c10::ArrayRef<long>, c10::ArrayRef<long>)::{lambda(char*, char const*, long)#1} const&, bool)::{lambda(int)#1}>(long, at::native::gpu_index_kernel<at::native::index_put_kernel_impl<at::native::OpaqueType<4> >(at::TensorIterator&, c10::ArrayRef<long>, c10::ArrayRef<long>)::{lambda(char*, char const*, long)#1}>(at::TensorIteratorBase&, c10::ArrayRef<long>, c10::ArrayRef<long>, at::native::index_put_kernel_impl<at::native::OpaqueType<4> >(at::TensorIterator&, c10::ArrayRef<long>, c10::ArrayRef<long>)::{lambda(char*, char const*, long)#1} const&, bool)::{lambda(int)#1})",64,0.221897,3.4671406250000003
awq_marlin,23,"void at::native::index_elementwise_kernel<128, 4, at::native::gpu_index_kernel<at::native::index_kernel_impl<at::native::OpaqueType<4> >(at::TensorIteratorBase&, c10::ArrayRef<long>, c10::ArrayRef<long>)::{lambda(char*, char const*, long)#1}>(at::TensorIteratorBase&, c10::ArrayRef<long>, c10::ArrayRef<long>, at::native::index_kernel_impl<at::native::OpaqueType<4> >(at::TensorIteratorBase&, c10::ArrayRef<long>, c10::ArrayRef<long>)::{lambda(char*, char const*, long)#1} const&, bool)::{lambda(int)#1}>(long, at::native::gpu_index_kernel<at::native::index_kernel_impl<at::native::OpaqueType<4> >(at::TensorIteratorBase&, c10::ArrayRef<long>, c10::ArrayRef<long>)::{lambda(char*, char const*, long)#1}>(at::TensorIteratorBase&, c10::ArrayRef<long>, c10::ArrayRef<long>, at::native::index_kernel_impl<at::native::OpaqueType<4> >(at::TensorIteratorBase&, c10::ArrayRef<long>, c10::ArrayRef<long>)::{lambda(char*, char const*, long)#1} const&, bool)::{lambda(int)#1})",64,0.19443400000000008,3.0380312500000013
awq_marlin,24,triton_red_fused__to_copy_add_mean_mul_pow_rsqrt_2,64,0.193667,3.026046875
awq_marlin,25,triton_red_fused__to_copy_add_embedding_marlin_gemm_mean_mul_pow_rsqrt_0,64,0.17171500000000003,2.6830468750000005
awq_marlin,26,_compute_slot_mapping_kernel,64,0.16397399999999995,2.5620937499999994
awq_marlin,27,triton_poi_fused_1,64,0.109379,1.709046875
awq_marlin,28,"void at::native::unrolled_elementwise_kernel<at::native::direct_copy_kernel_cuda(at::TensorIteratorBase&)::{lambda()#3}::operator()() const::{lambda()#3}::operator()() const::{lambda(int)#1}, std::array<char*, 2ul>, 4, TrivialOffsetCalculator<1, unsigned int>, TrivialOffsetCalculator<1, unsigned int>, at::native::memory::LoadWithCast<1>, at::native::memory::StoreWithCast<1> >(int, at::native::direct_copy_kernel_cuda(at::TensorIteratorBase&)::{lambda()#3}::operator()() const::{lambda()#3}::operator()() const::{lambda(int)#1}, std::array<char*, 2ul>, TrivialOffsetCalculator<1, unsigned int>, TrivialOffsetCalculator<1, unsigned int>, at::native::memory::LoadWithCast<1>, at::native::memory::StoreWithCast<1>)",64,0.104868,1.6385625000000001
awq_marlin,29,"void at::native::vectorized_elementwise_kernel<2, at::native::CUDAFunctor_add<long>, std::array<char*, 3ul> >(int, at::native::CUDAFunctor_add<long>, std::array<char*, 3ul>)",64,0.096388,1.5060625
awq_marlin,30,"void at::native::vectorized_elementwise_kernel<2, at::native::(anonymous namespace)::masked_fill_kernel(at::TensorIterator&, c10::Scalar const&)::{lambda()#1}::operator()() const::{lambda()#4}::operator()() const::{lambda(long, bool)#1}, std::array<char*, 3ul> >(int, at::native::(anonymous namespace)::masked_fill_kernel(at::TensorIterator&, c10::Scalar const&)::{lambda()#1}::operator()() const::{lambda()#4}::operator()() const::{lambda(long, bool)#1}, std::array<char*, 3ul>)",63,0.09056500000000002,1.437539682539683
